{
  "AliceBlue": [
    0.9411764705882353,
    0.9725490196078431,
    1,
    1
  ],
  "AntiqueWhite": [
    0.9803921568627451,
    0.9215686274509803,
    0.8431372549019608,
    1
  ],
  "Aqua": [
    0,
    1,
    1,
    1
  ],
  "Aquamarine": [
    0.4980392156862745,
    1,
    0.8313725490196079,
    1
  ],
  "Azure": [
    0.9411764705882353,
    1,
    1,
    1
  ],
  "Beige": [
    0.9607843137254902,
    0.9607843137254902,
    0.8627450980392157,
    1
  ],
  "Bisque": [
    1,
    0.8941176470588236,
    0.7686274509803922,
    1
  ],
  "Black": [
    0,
    0,
    0,
    1
  ],
  "BlanchedAlmond": [
    1,
    0.9215686274509803,
    0.803921568627451,
    1
  ],
  "Blue": [
    0,
    0,
    1,
    1
  ],
  "BlueViolet": [
    0.5411764705882353,
    0.16862745098039217,
    0.8862745098039215,
    1
  ],
  "Brown": [
    0.6470588235294118,
    0.16470588235294117,
    0.16470588235294117,
    1
  ],
  "BurlyWood": [
    0.8705882352941177,
    0.7215686274509804,
    0.5294117647058824,
    1
  ],
  "CadetBlue": [
    0.37254901960784315,
    0.6196078431372549,
    0.6274509803921569,
    1
  ],
  "Chartreuse": [
    0.4980392156862745,
    1,
    0,
    1
  ],
  "Chocolate": [
    0.8235294117647058,
    0.4117647058823529,
    0.11764705882352941,
    1
  ],
  "Coral": [
    1,
    0.4980392156862745,
    0.3137254901960784,
    1
  ],
  "CornflowerBlue": [
    0.39215686274509803,
    0.5843137254901961,
    0.9294117647058824,
    1
  ],
  "Cornsilk": [
    1,
    0.9725490196078431,
    0.8627450980392157,
    1
  ],
  "Crimson": [
    0.8627450980392157,
    0.0784313725490196,
    0.23529411764705882,
    1
  ],
  "Cyan": [
    0,
    1,
    1,
    1
  ],
  "DarkBlue": [
    0,
    0,
    0.5450980392156862,
    1
  ],
  "DarkCyan": [
    0,
    0.5450980392156862,
    0.5450980392156862,
    1
  ],
  "DarkGoldenrod": [
    0.7215686274509804,
    0.5254901960784314,
    0.043137254901960784,
    1
  ],
  "DarkGray": [
    0.6627450980392157,
    0.6627450980392157,
    0.6627450980392157,
    1
  ],
  "DarkGreen": [
    0,
    0.39215686274509803,
    0,
    1
  ],
  "DarkKhaki": [
    0.7411764705882353,
    0.7176470588235294,
    0.4196078431372549,
    1
  ],
  "DarkMagenta": [
    0.5450980392156862,
    0,
    0.5450980392156862,
    1
  ],
  "DarkOliveGreen": [
    0.3333333333333333,
    0.4196078431372549,
    0.1843137254901961,
    1
  ],
  "DarkOrange": [
    1,
    0.5490196078431373,
    0,
    1
  ],
  "DarkOrchid": [
    0.6,
    0.19607843137254902,
    0.8,
    1
  ],
  "DarkRed": [
    0.5450980392156862,
    0,
    0,
    1
  ],
  "DarkSalmon": [
    0.9137254901960784,
    0.5882352941176471,
    0.47843137254901963,
    1
  ],
  "DarkSeaGreen": [
    0.5607843137254902,
    0.7372549019607844,
    0.5607843137254902,
    1
  ],
  "DarkSlateBlue": [
    0.2823529411764706,
    0.23921568627450981,
    0.5450980392156862,
    1
  ],
  "DarkSlateGray": [
    0.1843137254901961,
    0.30980392156862746,
    0.30980392156862746,
    1
  ],
  "DarkTurquoise": [
    0,
    0.807843137254902,
    0.8196078431372549,
    1
  ],
  "DarkViolet": [
    0.5803921568627451,
    0,
    0.8274509803921568,
    1
  ],
  "DeepPink": [
    1,
    0.0784313725490196,
    0.5764705882352941,
    1
  ],
  "DeepSkyBlue": [
    0,
    0.7490196078431373,
    1,
    1
  ],
  "DimGray": [
    0.4117647058823529,
    0.4117647058823529,
    0.4117647058823529,
    1
  ],
  "DodgerBlue": [
    0.11764705882352941,
    0.5647058823529412,
    1,
    1
  ],
  "FireBrick": [
    0.6980392156862745,
    0.13333333333333333,
    0.13333333333333333,
    1
  ],
  "FloralWhite": [
    1,
    0.9803921568627451,
    0.9411764705882353,
    1
  ],
  "ForestGreen": [
    0.13333333333333333,
    0.5450980392156862,
    0.13333333333333333,
    1
  ],
  "Fuchsia": [
    1,
    0,
    1,
    1
  ],
  "Gainsboro": [
    0.8627450980392157,
    0.8627450980392157,
    0.8627450980392157,
    1
  ],
  "GhostWhite": [
    0.9725490196078431,
    0.9725490196078431,
    1,
    1
  ],
  "Gold": [
    1,
    0.8431372549019608,
    0,
    1
  ],
  "Goldenrod": [
    0.8549019607843137,
    0.6470588235294118,
    0.12549019607843137,
    1
  ],
  "Gray": [
    0.5019607843137255,
    0.5019607843137255,
    0.5019607843137255,
    1
  ],
  "Green": [
    0,
    0.5019607843137255,
    0,
    1
  ],
  "GreenYellow": [
    0.6784313725490196,
    1,
    0.1843137254901961,
    1
  ],
  "Honeydew": [
    0.9411764705882353,
    1,
    0.9411764705882353,
    1
  ],
  "HotPink": [
    1,
    0.4117647058823529,
    0.7058823529411765,
    1
  ],
  "IndianRed": [
    0.803921568627451,
    0.3607843137254902,
    0.3607843137254902,
    1
  ],
  "Indigo": [
    0.29411764705882354,
    0,
    0.5098039215686274,
    1
  ],
  "Ivory": [
    1,
    1,
    0.9411764705882353,
    1
  ],
  "Khaki": [
    0.9411764705882353,
    0.9019607843137255,
    0.5490196078431373,
    1
  ],
  "Lavender": [
    0.9019607843137255,
    0.9019607843137255,
    0.9803921568627451,
    1
  ],
  "LavenderBlush": [
    1,
    0.9411764705882353,
    0.9607843137254902,
    1
  ],
  "LawnGreen": [
    0.48627450980392156,
    0.9882352941176471,
    0,
    1
  ],
  "LemonChiffon": [
    1,
    0.9803921568627451,
    0.803921568627451,
    1
  ],
  "LightBlue": [
    0.6784313725490196,
    0.8470588235294118,
    0.9019607843137255,
    1
  ],
  "LightCoral": [
    0.9411764705882353,
    0.5019607843137255,
    0.5019607843137255,
    1
  ],
  "LightCyan": [
    0.8784313725490196,
    1,
    1,
    1
  ],
  "LightGoldenrodYellow": [
    0.9803921568627451,
    0.9803921568627451,
    0.8235294117647058,
    1
  ],
  "LightGreen": [
    0.5647058823529412,
    0.9333333333333333,
    0.5647058823529412,
    1
  ],
  "LightGrey": [
    0.8274509803921568,
    0.8274509803921568,
    0.8274509803921568,
    1
  ],
  "LightPink": [
    1,
    0.7137254901960784,
    0.7568627450980392,
    1
  ],
  "LightSalmon": [
    1,
    0.6274509803921569,
    0.47843137254901963,
    1
  ],
  "LightSeaGreen": [
    0.12549019607843137,
    0.6980392156862745,
    0.6666666666666666,
    1
  ],
  "LightSkyBlue": [
    0.5294117647058824,
    0.807843137254902,
    0.9803921568627451,
    1
  ],
  "LightSlateGray": [
    0.4666666666666667,
    0.5333333333333333,
    0.6,
    1
  ],
  "LightSteelBlue": [
    0.6901960784313725,
    0.7686274509803922,
    0.8705882352941177,
    1
  ],
  "LightYellow": [
    1,
    1,
    0.8784313725490196,
    1
  ],
  "Lime": [
    0,
    1,
    0,
    1
  ],
  "LimeGreen": [
    0.19607843137254902,
    0.803921568627451,
    0.19607843137254902,
    1
  ],
  "Linen": [
    0.9803921568627451,
    0.9411764705882353,
    0.9019607843137255,
    1
  ],
  "Magenta": [
    1,
    0,
    1,
    1
  ],
  "Maroon": [
    0.5019607843137255,
    0,
    0,
    1
  ],
  "MediumAquamarine": [
    0.4,
    0.803921568627451,
    0.6666666666666666,
    1
  ],
  "MediumBlue": [
    0,
    0,
    0.803921568627451,
    1
  ],
  "MediumOrchid": [
    0.7294117647058823,
    0.3333333333333333,
    0.8274509803921568,
    1
  ],
  "MediumPurple": [
    0.5764705882352941,
    0.4392156862745098,
    0.8588235294117647,
    1
  ],
  "MediumSeaGreen": [
    0.23529411764705882,
    0.7019607843137254,
    0.44313725490196076,
    1
  ],
  "MediumSlateBlue": [
    0.4823529411764706,
    0.40784313725490196,
    0.9333333333333333,
    1
  ],
  "MediumSpringGreen": [
    0,
    0.9803921568627451,
    0.6039215686274509,
    1
  ],
  "MediumTurquoise": [
    0.2823529411764706,
    0.8196078431372549,
    0.8,
    1
  ],
  "MediumVioletRed": [
    0.7803921568627451,
    0.08235294117647059,
    0.5215686274509804,
    1
  ],
  "MidnightBlue": [
    0.09803921568627451,
    0.09803921568627451,
    0.4392156862745098,
    1
  ],
  "MintCream": [
    0.9607843137254902,
    1,
    0.9803921568627451,
    1
  ],